{
    "$schema": "https://go.kicad.org/pcm/schemas/v1",
    "name": "Template",
    "description": "Template Plugin for KiCad",
    "description_full": "This is plugin template. It has no bigger purpose.\nVisit project homepage to learn more.",
    "identifier": "com.github.adamws.kicad-plugin-template",
    "type": "plugin",
    "author": {
        "name": "anonymous",
        "contact": {
            "web": "https://example.com"
        }
    },
    "license": "MIT",
    "resources": {
        "Homepage": "https://github.com/adamws/kicad-plugin-template",
        "Bug Tracker": "https://github.com/adamws/kicad-plugin-template/issues"
    },
    "versions": [
        {
            "version": "0.1.0",
            "status": "development",
            "kicad_version": "6.0"
        }
    ]
}